"HH_ID","D1.AGEX","D1.SEXX","RDT.DENM","DengM","RDT.DENIgM","RDT.ZIKM","ZIKM","RDT.ZIKIgM","RDT.CHKM","CHIKM","RDT.CHKIgM","RDT.DENG","DengG","RDT.DENIgG","RDT.ZIKG","ZIKG","RDT.ZIKIgG","RDT.CHKG","CHIKG","RDT.CHKIgG"
"AGEG104",58,"M","NR",0,4,"NR",0,3,"NR",0,1,"NR",0,0,"NR",0,1,"NR",0,0
"AGEG104",45,"M","NR",0,0,"NR",0,1,"NR",0,1,"NR",0,2,"NR",0,1,"NR",0,0
"AGEG103",41,"M","NR",0,4,"NR",0,3,"NR",0,5,"NR",0,2,"NR",0,2,"NR",0,1
"AGEG103",15,"F","NR",0,2,"NR",0,2,"NR",0,1,"NR",0,15,"NR",0,2,"NR",0,0
"AGEG102",42,"M","NR",0,4,"NR",0,5,"NR",0,1,"NR",0,4,"NR",0,1,"NR",0,0
"AGEG101",33,"F","NR",0,2,"NR",0,1,"NR",0,0,"NR",0,1,"NR",0,2,"NR",0,0
"AGEG101",46,"M","NR",0,1,"NR",0,1,"NR",0,0,"NR",0,2,"NR",0,2,"NR",0,1
"AGEG100",27,"F","R",1,27,"NR",0,5,"NR",0,3,"IND",NA,21,"NR",0,2,"NR",0,1
"AGEG099",29,"F","NR",0,3,"NR",0,3,"NR",0,1,"NR",0,1,"NR",0,1,"NR",0,0
"AGEG098",29,"F","NR",0,0,"NR",0,1,"NR",0,1,"NR",0,2,"NR",0,1,"NR",0,0
"AGEG097",42,"M","NR",0,4,"NR",0,3,"NR",0,5,"NR",0,2,"NR",0,2,"NR",0,1
"AGEG096",46,"M","NR",0,2,"NR",0,2,"NR",0,1,"NR",0,1,"NR",0,1,"NR",0,0
"AGEG096",58,"F","NR",0,3,"NR",0,2,"NR",0,0,"NR",0,1,"NR",0,1,"NR",0,0
"AGEG096",16,"F","NR",0,3,"NR",0,3,"NR",0,1,"NR",0,1,"NR",0,1,"NR",0,0
"AGEG096",27,"M","R",1,24,"NR",0,NA,"NR",0,0,"NR",0,4,"NR",0,2,"NR",0,1
"AGEG096",24,"M","NR",0,3,"NR",0,2,"NR",0,0,"NR",0,1,"NR",0,1,"NR",0,1
"AGEG096",21,"F","NR",0,3,"NR",0,2,"NR",0,3,"NR",0,1,"NR",0,3,"NR",0,1
"AGEG095",19,"F","NR",0,1,"NR",0,1,"NR",0,3,"NR",0,2,"NR",0,2,"NR",0,0
"AGEG095",35,"M","R",1,84,"R",1,24,"NR",0,2,"R",1,40,"NR",0,2,"NR",0,0
"AGEG094",27,"M","NR",0,4,"NR",0,2,"NR",0,0,"NR",0,11,"NR",0,1,"NR",0,5
"AGEG093",19,"M","NR",0,2,"NR",0,2,"NR",0,2,"NR",0,1,"NR",0,2,"NR",0,0
"AGEG092",38,"M","NR",0,4,"NR",0,2,"NR",0,6,"NR",0,1,"NR",0,2,"NR",0,0
"AGEG091",45,"M","NR",0,1,"NR",0,2,"NR",0,2,"NR",0,2,"NR",0,1,"NR",0,1
"AGEG090",38,"F","NR",0,5,"NR",0,2,"NR",0,3,"NR",0,1,"NR",0,2,"NR",0,1
"AGEG089",25,"M","NR",0,4,"NR",0,1,"NR",0,7,"NR",0,2,"NR",0,1,"NR",0,1
"AGEG089",58,"F","NR",0,1,"NR",0,2,"NR",0,1,"NR",0,2,"NR",0,2,"NR",0,1
"AGEG089",29,"M","NR",0,10,"NR",0,1,"NR",0,1,"NR",0,3,"NR",0,2,"NR",0,0
"AGEG089",29,"F","NR",0,2,"NR",0,2,"NR",0,0,"NR",0,2,"NR",0,2,"NR",0,1
"AGEG089",36,"F","NR",0,2,"NR",0,1,"NR",0,3,"NR",0,1,"NR",0,1,"NR",0,1
"AGEG089",36,"F","NR",0,6,"NR",0,2,"NR",0,1,"NR",0,7,"NR",0,2,"NR",0,1
"AGEG088",29,"F","NR",0,2,"NR",0,2,"NR",0,0,"NR",0,1,"NR",0,1,"NR",0,0
"AGEG087",35,"M","NR",0,1,"NR",0,1,"NR",0,1,"NR",0,3,"NR",0,2,"NR",0,0
"AGEG087",28,"F","R",1,27,"NR",0,3,"NR",0,4,"NR",0,3,"NR",0,3,"NR",0,4
"AGEG087",36,"M","NR",0,15,"NR",0,2,"NR",0,2,"NR",0,16,"NR",0,3,"NR",0,1
"AGEG087",25,"F","NR",0,3,"NR",0,0,"NR",0,1,"NR",0,4,"NR",0,3,"NR",0,1
"AGEG086",25,"F","NR",0,1,"NR",0,2,"NR",0,0,"NR",0,0,"NR",0,1,"NR",0,1
"AGEG085",19,"M","NR",0,4,"NR",0,3,"NR",0,0,"NR",0,3,"NR",0,4,"NR",0,0
"AGEG085",33,"M","NR",0,3,"NR",0,4,"NR",0,1,"NR",0,13,"NR",0,1,"NR",0,0
"AGEG085",36,"F","NR",0,1,"NR",0,0,"NR",0,0,"NR",0,1,"NR",0,3,"NR",0,0
"AGEG085",23,"M","NR",0,3,"NR",0,2,"NR",0,0,"NR",0,1,"NR",0,1,"NR",0,0
"AGLK085",25,"M","NR",0,3,"NR",0,2,"NR",0,1,"NR",0,0,"NR",0,1,"NR",0,0
"AGLK084",29,"M","NR",0,3,"NR",0,2,"NR",0,1,"NR",0,0,"NR",0,1,"NR",0,1
"AGLK084",25,"F","NR",0,2,"NR",0,1,"NR",0,3,"NR",0,0,"NR",0,1,"NR",0,1
"AGLK083",35,"F","NR",0,3,"NR",0,2,"NR",0,1,"NR",0,1,"NR",0,1,"NR",0,0
"AGLK082",36,"F","NR",0,3,"NR",0,1,"NR",0,0,"NR",0,1,"NR",0,0,"NR",0,1
"AGLK081",39,"M","NR",0,1,"NR",0,0,"NR",0,3,"NR",0,1,"NR",0,3,"NR",0,1
"AGLK080",31,"F","NR",0,9,"NR",0,2,"NR",0,1,"NR",0,1,"NR",0,2,"NR",0,0
"AGLK079",37,"M","NR",0,3,"NR",0,2,"NR",0,0,"NR",0,1,"NR",0,1,"NR",0,0
"AGLK078",32,"F","NR",0,2,"NR",0,3,"NR",0,0,"NR",0,1,"NR",0,2,"NR",0,1
"AGLK077",25,"M","NR",0,1,"NR",0,3,"NR",0,2,"NR",0,1,"NR",0,2,"NR",0,1
"AGLK076",25,"F","NR",0,3,"NR",0,4,"NR",0,3,"NR",0,1,"NR",0,6,"NR",0,2
"AGLK075",28,"M","NR",0,3,"NR",0,2,"NR",0,6,"NR",0,3,"NR",0,3,"NR",0,1
"AGLK074",29,"F","NR",0,1,"NR",0,3,"NR",0,0,"NR",0,1,"NR",0,3,"NR",0,0
"AGLK073",37,"M","NR",0,1,"NR",0,6,"NR",0,2,"NR",0,1,"NR",0,2,"NR",0,0
"AGLK072",28,"F","NR",0,2,"NR",0,4,"NR",0,0,"NR",0,18,"NR",0,1,"NR",0,0
"AGLK071",29,"F","NR",0,2,"NR",0,4,"NR",0,1,"NR",0,2,"NR",0,2,"NR",0,0
"AGLK070",35,"M","NR",0,3,"NR",0,2,"NR",0,3,"NR",0,1,"NR",0,3,"NR",0,1
"AGLK069",3,"M","NR",0,11,"NR",0,5,"NR",0,1,"NR",0,1,"NR",0,2,"NR",0,1
"AGLK068",24,"M","NR",0,5,"NR",0,8,"NR",0,1,"NR",0,16,"NR",0,1,"NR",0,0
"AGLK067",28,"F","NR",0,2,"NR",0,2,"NR",0,1,"NR",0,1,"NR",0,1,"NR",0,0
"AGLK066",25,"F","NR",0,1,"NR",0,2,"NR",0,0,"NR",0,1,"NR",0,3,"NR",0,1
"AGLK065",25,"M","NR",0,1,"NR",0,3,"NR",0,1,"NR",0,2,"NR",0,2,"NR",0,0
"AGLK065",25,"F","NR",0,0,"NR",0,13,"NR",0,1,"NR",0,2,"NR",0,1,"NR",0,1
"AGLK064",29,"M","NR",0,2,"NR",0,0,"NR",0,2,"NR",0,1,"NR",0,2,"NR",0,1
"AGLK063",25,"M","NR",0,6,"NR",0,2,"NR",0,11,"NR",0,1,"NR",0,2,"NR",0,1
"AGLK062",45,"F","NR",0,9,"NR",0,1,"NR",0,5,"NR",0,1,"NR",0,2,"NR",0,1
"AGLK062",39,"M","NR",0,8,"NR",0,2,"NR",0,1,"NR",0,4,"NR",0,4,"NR",0,5
"AGLK062",35,"M","NR",0,1,"NR",0,1,"NR",0,0,"NR",0,0,"NR",0,2,"NR",0,1
"AGLK061",51,"F","NR",0,1,"NR",0,7,"NR",0,0,"NR",0,1,"NR",0,2,"NR",0,0
"AGLK060",25,"M","NR",0,5,"NR",0,3,"NR",0,1,"NR",0,0,"NR",0,2,"NR",0,1
"AGLK059",28,"F","R",1,53,"NR",0,2,"NR",0,1,"NR",0,0,"NR",0,2,"NR",0,1
"AGLK058",39,"M","NR",0,2,"NR",0,1,"NR",0,1,"NR",0,2,"NR",0,1,"NR",0,2
"AGLK058",25,"F","NR",0,4,"NR",0,4,"NR",0,1,"NR",0,5,"NR",0,2,"NR",0,0
"AGLK057",13,"F","NR",0,2,"NR",0,3,"NR",0,10,"NR",0,2,"NR",0,2,"NR",0,1
"AGLK056",29,"F","NR",0,0,"NR",0,2,"NR",0,1,"NR",0,1,"NR",0,2,"NR",0,1
"AGLK055",8,"F","NR",0,3,"NR",0,4,"NR",0,1,"NR",0,1,"NR",0,1,"NR",0,1
"AGLK054",22,"M","NR",0,1,"NR",0,4,"NR",0,2,"NR",0,1,"NR",0,3,"NR",0,1
"AGLK053",28,"M","NR",0,2,"NR",0,3,"NR",0,3,"NR",0,3,"NR",0,1,"NR",0,1
"AGLK052",19,"F","NR",0,7,"NR",0,4,"NR",0,1,"NR",0,1,"NR",0,2,"NR",0,1
"AGLK052",29,"M","NR",0,3,"NR",0,1,"NR",0,5,"NR",0,1,"NR",0,1,"NR",0,1
"AGLK052",45,"M","NR",0,4,"NR",0,2,"NR",0,11,"NR",0,2,"NR",0,2,"NR",0,1
"AGLK052",28,"F","NR",0,1,"NR",0,2,"NR",0,8,"NR",0,7,"NR",0,2,"NR",0,4
"AGLK052",29,"M","NR",0,1,"NR",0,2,"NR",0,1,"NR",0,5,"NR",0,3,"NR",0,2
"AGLK051",29,"F","NR",0,2,"NR",0,0,"NR",0,16,"NR",0,2,"NR",0,2,"NR",0,2
"AGLK051",36,"M","NR",0,7,"NR",0,2,"NR",0,2,"NR",0,1,"NR",0,2,"NR",0,1
"AGLK050",41,"M","NR",0,4,"NR",0,2,"NR",0,1,"NR",0,2,"NR",0,2,"NR",0,0
"AGLK050",29,"F","NR",0,1,"NR",0,2,"NR",0,0,"NR",0,0,"NR",0,1,"NR",0,0
"AGLK049",26,"F","NR",0,1,"NR",0,1,"NR",0,1,"NR",0,0,"NR",0,2,"NR",0,1
"AGLK049",23,"F","NR",0,0,"NR",0,1,"NR",0,2,"NR",0,1,"NR",0,2,"NR",0,1
"AGLK048",36,"F","NR",0,1,"NR",0,1,"NR",0,2,"NR",0,0,"NR",0,0,"NR",0,1
"AGLK047",28,"M","NR",0,2,"NR",0,1,"NR",0,6,"NR",0,1,"NR",0,1,"NR",0,4
"AGLK046",25,"M","NR",0,1,"NR",0,0,"R",1,227,"NR",0,8,"NR",0,1,"R",1,69
"AGLK046",47,"F","NR",0,1,"NR",0,1,"NR",0,1,"NR",0,1,"NR",0,2,"NR",0,1
"AGLK045",17,"M","NR",0,7,"NR",0,8,"NR",0,3,"NR",0,1,"NR",0,3,"NR",0,0
"AGLK045",14,"F","NR",0,2,"NR",0,3,"NR",0,0,"NR",0,0,"NR",0,2,"NR",0,1
"AGLK045",5,"F","NR",0,3,"NR",0,5,"NR",0,4,"NR",0,14,"NR",0,2,"NR",0,1
"AGLK044",25,"F","NR",0,2,"NR",0,4,"NR",0,0,"NR",0,2,"NR",0,0,"NR",0,0
"AGLK044",28,"F","NR",0,4,"NR",0,2,"NR",0,2,"NR",0,1,"NR",0,1,"NR",0,1
"AGLK044",27,"F","NR",0,4,"NR",0,1,"NR",0,0,"NR",0,8,"NR",0,1,"NR",0,0
"AGLK044",15,"F","NR",0,1,"NR",0,2,"NR",0,2,"NR",0,3,"NR",0,2,"NR",0,4
"AGLK043",29,"M","NR",0,1,"NR",0,3,"NR",0,1,"NR",0,1,"NR",0,2,"NR",0,1
"AGLK043",25,"M","NR",0,8,"NR",0,1,"NR",0,7,"NR",0,9,"NR",0,3,"NR",0,4
"AGLK043",25,"M","NR",0,3,"NR",0,8,"NR",0,6,"NR",0,1,"NR",0,2,"NR",0,1
"AGLK042",25,"F","NR",0,3,"NR",0,4,"NR",0,3,"NR",0,2,"NR",0,2,"NR",0,1
"AGLK042",36,"M","R",1,39,"NR",0,2,"NR",0,4,"NR",0,14,"NR",0,2,"NR",0,0
"AGLK041",23,"F","NR",0,4,"NR",0,2,"NR",0,0,"NR",0,1,"NR",0,2,"NR",0,0
"AGLK041",27,"F","NR",0,3,"NR",0,2,"NR",0,0,"NR",0,2,"NR",0,2,"NR",0,1
"AGLK041",28,"M","NR",0,3,"NR",0,2,"NR",0,3,"R",1,43,"NR",0,3,"NR",0,0
"AGLK041",36,"M","NR",0,2,"NR",0,1,"NR",0,1,"NR",0,0,"NR",0,2,"NR",0,1
"AGLK041",27,"F","NR",0,3,"NR",0,3,"NR",0,10,"NR",0,2,"NR",0,1,"NR",0,9
"AGLK041",24,"M","NR",0,1,"NR",0,2,"NR",0,0,"NR",0,1,"NR",0,2,"NR",0,2
"AGLK040",29,"M","NR",0,3,"NR",0,2,"NR",0,4,"NR",0,2,"NR",0,2,"NR",0,3
"AGLK039",23,"M","NR",0,1,"NR",0,2,"NR",0,4,"NR",0,2,"NR",0,1,"NR",0,1
"AGLK039",24,"F","NR",0,4,"NR",0,2,"NR",0,4,"NR",0,2,"NR",0,2,"NR",0,1
"AGLK039",29,"F","NR",0,12,"NR",0,1,"NR",0,1,"NR",0,2,"NR",0,2,"NR",0,1
"AGLK038",25,"F","NR",0,6,"NR",0,6,"NR",0,1,"NR",0,3,"NR",0,1,"NR",0,2
"AGLK037",21,"F","NR",0,2,"NR",0,3,"NR",0,1,"NR",0,1,"NR",0,1,"NR",0,0
"AGLK037",25,"F","NR",0,2,"NR",0,3,"NR",0,4,"NR",0,2,"NR",0,1,"NR",0,0
"AGLK037",29,"F","NR",0,8,"NR",0,3,"NR",0,6,"NR",0,2,"NR",0,1,"NR",0,0
"AGLK036",52,"F","NR",0,7,"NR",0,2,"NR",0,1,"NR",0,2,"NR",0,2,"NR",0,0
"AGLK036",32,"M","NR",0,9,"NR",0,4,"NR",0,14,"NR",0,2,"NR",0,2,"NR",0,1
"AGLK035",25,"F","NR",0,4,"NR",0,6,"NR",0,2,"NR",0,2,"NR",0,2,"NR",0,0
"AGLK035",25,"M","NR",0,5,"NR",0,1,"NR",0,1,"NR",0,12,"NR",0,2,"NR",0,1
"AGLK035",25,"F","NR",0,10,"NR",0,2,"NR",0,6,"NR",0,0,"NR",0,2,"NR",0,0
"AGLK035",28,"M","NR",0,1,"NR",0,2,"NR",0,0,"NR",0,1,"NR",0,1,"NR",0,2
"AGLK035",52,"F","NR",0,1,"NR",0,2,"NR",0,0,"NR",0,1,"NR",0,2,"NR",0,1
"AGLK034",28,"F","NR",0,2,"NR",0,7,"NR",0,1,"NR",0,2,"NR",0,2,"NR",0,0
"AGLK033",26,"F","NR",0,4,"NR",0,3,"NR",0,2,"NR",0,4,"NR",0,1,"NR",0,0
"AGLK032",32,"F","NR",0,5,"NR",0,1,"NR",0,5,"NR",0,4,"NR",0,2,"NR",0,0
"AGLK031",34,"M","NR",0,2,"NR",0,4,"NR",0,1,"NR",0,5,"NR",0,2,"NR",0,1
"AGLK030",25,"M","NR",0,6,"NR",0,2,"NR",0,0,"NR",0,1,"NR",0,2,"NR",0,0
"AGLK030",26,"F","NR",0,1,"NR",0,2,"NR",0,1,"NR",0,1,"NR",0,2,"NR",0,0
"AGLK029",27,"M","NR",0,3,"NR",0,4,"NR",0,2,"NR",0,3,"NR",0,3,"NR",0,1
"AGLK029",31,"M","NR",0,6,"NR",0,2,"NR",0,0,"R",1,57,"NR",0,1,"NR",0,0
"AGLK028",28,"M","NR",0,2,"NR",0,1,"NR",0,1,"NR",0,1,"NR",0,2,"NR",0,1
"AGLK027",12,"M","NR",0,3,"NR",0,2,"NR",0,0,"NR",0,2,"NR",0,1,"NR",0,0
"AGLK027",24,"F","NR",0,5,"NR",0,1,"NR",0,1,"NR",0,3,"NR",0,0,"NR",0,1
"AGLK026",35,"M","NR",0,2,"NR",0,0,"NR",0,1,"NR",0,2,"NR",0,2,"NR",0,1
"AGLK026",29,"F","NR",0,3,"NR",0,1,"NR",0,0,"NR",0,3,"NR",0,2,"NR",0,0
"AGLK025",19,"F","NR",0,3,"NR",0,1,"NR",0,1,"NR",0,1,"NR",0,1,"NR",0,0
"AGLK024",45,"M","NR",0,8,"NR",0,0,"NR",0,13,"NR",0,1,"NR",0,1,"NR",0,1
"AGLK023",26,"F","NR",0,3,"NR",0,3,"NR",0,3,"NR",0,1,"NR",0,1,"NR",0,1
"AGLK023",32,"M","NR",0,11,"NR",0,13,"NR",0,8,"NR",0,3,"NR",0,1,"NR",0,0
"AGLK023",29,"F","NR",0,7,"NR",0,5,"NR",0,3,"NR",0,1,"NR",0,2,"NR",0,1
"AGLK022",28,"F","NR",0,3,"NR",0,1,"NR",0,1,"NR",0,9,"NR",0,1,"NR",0,0
"AGLK021",36,"M","NR",0,8,"NR",0,3,"NR",0,4,"NR",0,16,"NR",0,2,"NR",0,0
"AGLK020",24,"F","NR",0,1,"NR",0,1,"NR",0,0,"NR",0,2,"NR",0,2,"NR",0,1
"AGLK019",27,"M","NR",0,4,"NR",0,0,"NR",0,7,"NR",0,2,"NR",0,1,"NR",0,1
"AGLK019",35,"M","NR",0,10,"NR",0,1,"NR",0,1,"R",1,76,"R",1,25,"NR",0,0
"AGLK019",25,"M","NR",0,2,"NR",0,0,"NR",0,0,"NR",0,5,"NR",0,1,"NR",0,1
"AGLK019",42,"M","NR",0,1,"NR",0,1,"NR",0,1,"NR",0,13,"NR",0,1,"NR",0,4
"AGLK019",29,"M","NR",0,2,"NR",0,1,"NR",0,0,"NR",0,1,"NR",0,2,"NR",0,0
"AGLK019",21,"F","NR",0,4,"NR",0,5,"NR",0,1,"NR",0,4,"NR",0,1,"NR",0,0
"AGLK018",26,"F","NR",0,4,"NR",0,2,"NR",0,5,"NR",0,2,"NR",0,2,"NR",0,1
"AGLK017",28,"F","NR",0,1,"NR",0,11,"NR",0,3,"NR",0,1,"NR",0,2,"NR",0,1
"AGLK017",29,"M","NR",0,10,"NR",0,2,"NR",0,8,"NR",0,3,"NR",0,2,"NR",0,1
"AGLK016",43,"M","NR",0,2,"NR",0,2,"NR",0,1,"NR",0,15,"NR",0,1,"NR",0,0
"AGLK016",25,"M","NR",0,0,"NR",0,1,"NR",0,1,"NR",0,2,"NR",0,1,"NR",0,0
"AGLK015",32,"M","NR",0,2,"NR",0,10,"NR",0,2,"R",1,76,"R",1,78,"NR",0,1
"AGLK014",40,"M","NR",0,13,"NR",0,17,"NR",0,9,"NR",0,2,"NR",0,3,"NR",0,1
"AGLK013",31,"F","NR",0,9,"NR",0,3,"NR",0,1,"NR",0,0,"NR",0,1,"NR",0,1
"AGLK012",26,"F","NR",0,2,"NR",0,5,"NR",0,1,"NR",0,3,"NR",0,2,"NR",0,0
"AGLK011",30,"F","NR",0,2,"NR",0,1,"NR",0,1,"NR",0,2,"NR",0,1,"NR",0,1
"AGLK010",29,"F","NR",0,6,"NR",0,6,"NR",0,1,"NR",0,1,"NR",0,2,"NR",0,0
"AGLK010",29,"F","NR",0,1,"NR",0,5,"NR",0,2,"NR",0,7,"NR",0,1,"NR",0,1
"AGLK009",28,"M","NR",0,1,"NR",0,4,"NR",0,1,"NR",0,1,"NR",0,1,"NR",0,0
"AGLK009",28,"F","NR",0,11,"NR",0,2,"NR",0,2,"NR",0,1,"NR",0,0,"NR",0,0
"AGLK008",23,"F","NR",0,6,"NR",0,5,"NR",0,7,"NR",0,2,"NR",0,1,"NR",0,1
"AGLK007",38,"M","NR",0,1,"NR",0,3,"NR",0,1,"NR",0,1,"NR",0,0,"NR",0,0
"AGLK006",21,"F","NR",0,9,"NR",0,1,"NR",0,2,"NR",0,3,"NR",0,1,"NR",0,1
"AGLK006",27,"M","NR",0,1,"NR",0,1,"NR",0,0,"NR",0,2,"NR",0,1,"NR",0,0
"AGLK005",29,"F","NR",0,1,"NR",0,1,"NR",0,2,"NR",0,1,"NR",0,1,"NR",0,0
"AGLK005",25,"M","NR",0,1,"NR",0,3,"NR",0,1,"NR",0,1,"NR",0,0,"NR",0,0
"AGLK005",31,"M","NR",0,3,"NR",0,1,"NR",0,0,"NR",0,6,"NR",0,1,"NR",0,0
"AGLK004",15,"F","NR",0,3,"NR",0,3,"NR",0,4,"NR",0,1,"NR",0,1,"NR",0,0
"AGLK004",22,"M","NR",0,1,"NR",0,2,"NR",0,1,"NR",0,1,"NR",0,2,"NR",0,0
"AGLK003",35,"M","NR",0,2,"NR",0,4,"NR",0,1,"NR",0,1,"NR",0,2,"NR",0,1
"AGLK002",50,"M","NR",0,2,"NR",0,2,"NR",0,1,"NR",0,1,"NR",0,2,"NR",0,0
"AGLK001",52,"M","NR",0,2,"NR",0,1,"NR",0,1,"NR",0,2,"NR",0,1,"NR",0,0
"AGLK001",59,"F","NR",0,1,"NR",0,2,"NR",0,1,"NR",0,18,"NR",0,11,"NR",0,1
